{
  "keep": {
    "days": true,
    "amount": 31
  },
  "auditLog": "D:\\WWW\\zfxy\\midway\\logs\\my-midway-project\\.audit\\.1bca730c778339c397dd41d8fe6d73a812a3a973-audit.json",
  "files": [
    {
      "date": 1681888643838,
      "name": "D:\\WWW\\zfxy\\midway\\logs\\my-midway-project\\midway-core.log.2023-04-19",
      "hash": "bc5bfd3a10166b5028311da6df0ddf68"
    },
    {
      "date": 1681960943295,
      "name": "D:\\WWW\\zfxy\\midway\\logs\\my-midway-project\\midway-core.log.2023-04-20",
      "hash": "bc3e2f9351fc384c147fa9f19d2d3661"
    }
  ],
  "hashType": "md5"
}