{
  "keep": {
    "days": true,
    "amount": 31
  },
  "auditLog": "D:\\WWW\\zfxy\\midway\\logs\\my-midway-project\\.audit\\.742c900013013a70a6ec1e3b397933322652aa7e-audit.json",
  "files": [
    {
      "date": 1681888643843,
      "name": "D:\\WWW\\zfxy\\midway\\logs\\my-midway-project\\common-error.log.2023-04-19",
      "hash": "bee1f2d10376637dcc54bc3c30d63663"
    },
    {
      "date": 1681960943301,
      "name": "D:\\WWW\\zfxy\\midway\\logs\\my-midway-project\\common-error.log.2023-04-20",
      "hash": "4460a70971f5f5302102e1c8891b2c4d"
    }
  ],
  "hashType": "md5"
}