{
  "keep": {
    "days": true,
    "amount": 31
  },
  "auditLog": "D:\\WWW\\zfxy\\midway\\logs\\my-midway-project\\.audit\\.c30d290328a786f5ae708816897c41ed8560255c-audit.json",
  "files": [
    {
      "date": 1681888643847,
      "name": "D:\\WWW\\zfxy\\midway\\logs\\my-midway-project\\midway-app.log.2023-04-19",
      "hash": "95a31ec1fadfcfb0a87a689e2fb0f70c"
    },
    {
      "date": 1681960943326,
      "name": "D:\\WWW\\zfxy\\midway\\logs\\my-midway-project\\midway-app.log.2023-04-20",
      "hash": "3a77613fdd93ecafa097bd2a7d18e4ee"
    }
  ],
  "hashType": "md5"
}